"Qty";"Value";"Device";"Package";"Parts";"Description";"BUILT_BY";"DATASHEET-URL";"GENDER";"IR";"MANUFACTURER_PART_NUMBER";"MATES";"MF";"MPN";"OC_FARNELL";"OC_NEWARK";"PACKAGING";"PART-NUMBER";"PINS";"POPULARITY";"ROWS";"SOURCELIBRARY";"SPICEPREFIX";"TYPE";"VENDOR";
"2";"";"6130XX21821_61301021821";"61301021821";"J1, J2";"WR-PHD 2.54 mm Dual Socket Header";"";"https://katalog.we-online.com/em/datasheet/61301021821.pdf";"Socket Header";"3A";"";"WR-PHD 2.54mm SMT Dual Pin Header/THT Angled Dual Pin Header/THT Dual Board Stacker/THT Dual Pin Header";"";"";"";"";"Tray";" 61301021821 ";" 10 ";"";"Dual";"";"";"Straight";"";
"1";"";"DIP04YL";"DIP04YL";"S1";"DIL/CODE SWITCH";"";"";"";"";"";"";"";"";"unknown";"unknown";"";"";"";"";"";"";"";"";"";
"3";"";"LED5MM";"LED5MM";"BLU, GRN, RED";"LED";"";"";"";"";"";"";"";"";"";"";"";"";"";"93";"";"";"";"";"";
"3";"0.1u";"C-EU050-030X075";"C050-030X075";"C3, C4, C5";"CAPACITOR, European symbol";"";"";"";"";"";"";"";"";"";"";"";"";"";"9";"";"";"C";"";"";
"2";"1000u 25V";"CPOL-EUE3.5-10";"E3,5-10";"C1, C8";"POLARIZED CAPACITOR, European symbol";"";"";"";"";"";"";"";"";"";"";"";"";"";"";"";"";"";"";"";
"4";"1000u 6.3V";"CPOL-EU";"E4-8-13HORI";"C2, C6, C7, C9";"POLARIZED CAPACITOR, European symbol";"";"";"";"";"";"";"";"";"";"";"";"";"";"";"";"";"";"";"";
"1";"1N4004";"1N4004";"DO41-10";"D1";"DIODE";"";"";"";"";"";"";"";"";"";"";"";"";"";"82";"";"";"";"";"";
"8";"1N5819-B";"1N5819-B";"DO41-7.6";"D2, D3, D4, D5, D6, D7, D8, D9";"1.0A SCHOTTKY BARRIER RECTIFIER";"";"";"";"";"";"";"";"";"";"";"";"";"";"11";"";"";"";"";"";
"3";"200";"R-EU_0207/7";"0207/7";"R3, R8, R9";"RESISTOR, European symbol";"";"";"";"";"";"";"";"";"";"";"";"";"";"";"";"";"";"";"";
"1";"2000";"R-EU_0207/7";"0207/7";"R2";"RESISTOR, European symbol";"";"";"";"";"";"";"";"";"";"";"";"";"";"";"";"";"";"";"";
"1";"4700";"R-EU_0207/7";"0207/7";"R1";"RESISTOR, European symbol";"";"";"";"";"";"";"";"";"";"";"";"";"";"";"";"";"";"";"";
"1";"7805TV";"7805TV";"TO220V";"IC1";"Positive VOLTAGE REGULATOR";"";"";"";"";"";"";"";"";"";"";"";"";"";"57";"";"";"";"";"";
"1";"KF141R-4PIN";"KF141R-4PIN";"KF141R-4PIN";"MA";"";"";"";"";"";"";"";"";"";"";"";"";"";"";"";"";"";"";"";"";
"1";"KF141R-5PIN";"KF141R-5PIN";"KF141R-5PIN";"MA_DRIVER";"";"";"";"";"";"";"";"";"";"";"";"";"";"";"";"";"";"";"";"";
"2";"KF141R-9PIN";"KF141R-9PIN";"KF141R-9PIN";"MB, MC";"Serie 236,  Klemmenleiste für Leiterplatten 2 Lötstifte/Pol / Series 236,  PCB terminal strip 2 solder pins/polePolzahl / Pole No.: 3 Rastermaß / Pitch: 5.08 mmBemessungsspannung / Rated Voltage: 320  VNennstrom / Nominal Current: 24  ALeiterquerschnitt / Conductor Size: 0.08 - 2.5 mm²Anschlusstechnik / Connection Technology: CAGE CLAMP® Lötstiftlänge: / Solder Pin Length: 4 mmLeitereinführung (zur Platine) / Conductor entry angle (to PCB): 45 °Farbe / Color: grau / gray Stand: 01.01.2012. Die jeweils aktuellen Daten zu diesem Artikel finden Sie in unserem Produktkatalog, den Sie unter www.wago.com einsehen können.  As of: 01/01/2012. Please find the newest data for this article in our product catalogue, which can be viewed under www.wago.com.";"";"";"";"";"";"";"";"";"";"";"";"";"";"";"";"";"";"";"";
"1";"L298HN";"L298HN";"MULTIWATT15_H_STM";"CR1";"";"EMA_UL_Team";"";"";"";"L298HN";"";"";"";"";"";"";"";"";"";"";"Updates_to_database_2020-11-02";"";"";"STMicroelectronics";
"1";"MEGA2560_MIKRO";"MEGA2560_MIKRO";"MEGA2560_MIKRO";"U$1";"Arduino Mega2560 pro robotDyn, create by mikroavr.com";"";"";"";"";"";"";"";"";"";"";"";"";"";"";"";"";"";"";"";
"1";"MSTBA2";"MSTBA2";"MSTBA2";"X7";"PHOENIX";"";"";"";"";"";"";"FARNELL";"1757242";"3705171";"71C4161";"";"";"";"11";"";"";"";"";"";
